"DESCRIPTION","DURATION IN MS","NAME","PARENT SUITE","START TIME","STATUS","STOP TIME","SUB SUITE","SUITE","TEST CLASS","TEST METHOD"
"","131","아이디 10자 초과 입력 시 에러 메시지 노출 확인","Web Tests","2026-10-04","passed","2026-10-04","","test_signup","",""
"","13135","[모바일] 회원가입 실패: 이름에 특수문자 포함 시 에러 메시지 노출 확인","Android App Tests","2026-10-04","passed","2026-10-04","","test_signup","",""
"","130","이름 미입력 시 에러 메시지 노출 확인","Web Tests","2026-10-04","passed","2026-10-04","","test_signup","",""
"","594","미등록 아이디 입력 시 실패 메시지 확인","Web Tests","2026-10-04","passed","2026-10-04","","test_find_pw","",""
"","14195","[모바일] 회원가입 실패: 중복된 아이디로 가입 시도시 에러 메시지 노출 확인","Android App Tests","2026-10-04","passed","2026-10-04","","test_signup","",""
"","16437","[모바일] 회원가입 실패: 이메일 @ 미포함 형식 입력 시 에러 메시지 노출 확인","iOS App Tests","2026-10-04","passed","2026-10-04","","test_signup","",""
"","133","아이디 특수문자 포함 입력 시 에러 메시지 노출 확인","Web Tests","2026-10-04","passed","2026-10-04","","test_signup","",""
"","1033","타인이 작성한 게시글 조회 시 [수정] 버튼 미노출 확인","Web Tests","2026-10-04","passed","2026-10-04","","test_post","",""
"","5433","[모바일] 아이디 찾기 빈 필드 노출 확인","Android App Tests","2026-10-04","passed","2026-10-04","","test_find_account","",""
"","8735","[모바일] 올바른 정보로 아이디 찾기 성공 확인","Android App Tests","2026-10-04","passed","2026-10-04","","test_find_account","",""
"","134","이메일 도메인 미포함 형식 입력 시 에러 메시지 노출 확인","Web Tests","2026-10-04","passed","2026-10-04","","test_signup","",""
"","15242","[모바일] 회원가입 실패: 이름 미입력 시 에러 메시지 노출 확인","iOS App Tests","2026-10-04","passed","2026-10-04","","test_signup","",""
"","142","아이디 미입력 시 에러 메시지 노출 확인","Web Tests","2026-10-04","passed","2026-10-04","","test_signup","",""
"","593","미등록 계정 정보로 로그인 시도시 에러 메시지 노출 확인","Web Tests","2026-10-04","passed","2026-10-04","","test_login","",""
"","944","로그인 완료 후 메인 화면 버튼 노출 확인","Web Tests","2026-10-04","passed","2026-10-04","","test_login","",""
"","4390","[모바일] 게시글 수정 기능 확인","iOS App Tests","2026-10-04","passed","2026-10-04","","test_post","",""
"","952","로그인 이동 텍스트 확인","Web Tests","2026-10-04","passed","2026-10-04","","test_find_id","",""
"","6948","[모바일] 게시글 상세 진입 및 댓글 달기","Android App Tests","2026-10-04","passed","2026-10-04","","test_post","",""
"","5482","[모바일] 댓글 삭제 확인","iOS App Tests","2026-10-04","passed","2026-10-04","","test_comment","",""
"","1144","비밀번호 재설정 확인","Web Tests","2026-10-04","passed","2026-10-04","","test_reset_pw","",""
"","16583","[모바일] 회원가입 실패: 아이디 특수문자 포함 입력 시 에러 메시지 노출 확인","iOS App Tests","2026-10-04","passed","2026-10-04","","test_signup","",""
"","621","아이디 찾기 이동 링크 확인","Web Tests","2026-10-04","passed","2026-10-04","","test_login","",""
"","1014","신규 게시글 작성 후 목록 및 상세 화면 반영 확인","Web Tests","2026-10-04","passed","2026-10-04","","test_post","",""
"","16495","[모바일] 회원가입 실패: 아이디 10자 초과 입력 시 에러 메시지 노출 확인","iOS App Tests","2026-10-04","passed","2026-10-04","","test_signup","",""
"","16419","[모바일] 회원가입 실패: 이메일 도메인 미포함 형식 입력 시 에러 메시지 노출 확인","iOS App Tests","2026-10-04","passed","2026-10-04","","test_signup","",""
"","124","비밀번호 확인 필드 미입력 시 에러 메시지 노출 확인","Web Tests","2026-10-04","passed","2026-10-04","","test_signup","",""
"","577","등록된 아이디에 불일치 이름 입력 시 실패 확인","Web Tests","2026-10-04","passed","2026-10-04","","test_find_pw","",""
"","16936","[모바일] 회원가입 실패: 중복된 아이디로 가입 시도시 에러 메시지 노출 확인","iOS App Tests","2026-10-04","passed","2026-10-04","","test_signup","",""
"","1270","본인 작성 글 수정 후 상태 유지 확인","Web Tests","2026-10-04","passed","2026-10-04","","test_post","",""
"","15362","[모바일] 회원가입 실패: 비밀번호 미입력 시 에러 메시지 노출 확인","iOS App Tests","2026-10-04","passed","2026-10-04","","test_signup","",""
"","507","로그인 페이지 UI 확인","Web Tests","2026-10-04","passed","2026-10-04","","test_login","",""
"","938","회원가입 텍스트 링크 확인","Web Tests","2026-10-04","passed","2026-10-04","","test_find_id","",""
"","132","이름에 특수문자 포함 시 에러 메시지 노출 확인","Web Tests","2026-10-04","passed","2026-10-04","","test_signup","",""
"","8919","[모바일] 회원가입 실패: 전체 입력 필드 미입력 시 에러 메시지 노출 확인","iOS App Tests","2026-10-04","passed","2026-10-04","","test_signup","",""
"","13946","[모바일] 회원가입 실패: 이메일 @ 미포함 형식 입력 시 에러 메시지 노출 확인","Android App Tests","2026-10-04","passed","2026-10-04","","test_signup","",""
"","13411","[모바일] 댓글 내용 수정 확인","Android App Tests","2026-10-04","passed","2026-10-04","","test_comment","",""
"","13884","[모바일] 회원가입 실패: 비밀번호 영문만 입력 시 에러 메시지 노출 확인","Android App Tests","2026-10-04","passed","2026-10-04","","test_signup","",""
"","1073","타인이 작성한 게시글 조회 시 [삭제] 버튼 미노출 확인","Web Tests","2026-10-04","passed","2026-10-04","","test_post","",""
"","592","필드 전체 미입력 시 실패 메시지 확인","Web Tests","2026-10-04","passed","2026-10-04","","test_find_id","",""
"","30","회원가입 페이지 UI 확인","Web Tests","2026-10-04","passed","2026-10-04","","test_signup","",""
"","16583","[모바일] 회원가입 실패: 이름에 특수문자 포함 시 에러 메시지 노출 확인","iOS App Tests","2026-10-04","passed","2026-10-04","","test_signup","",""
"","549","비밀번호 찾기 이동 링크 확인","Web Tests","2026-10-04","passed","2026-10-04","","test_login","",""
"","7444","[모바일] 게시글 수정 기능 확인","Android App Tests","2026-10-04","passed","2026-10-04","","test_post","",""
"","13289","[모바일] 회원가입 실패: 아이디 특수문자 포함 입력 시 에러 메시지 노출 확인","Android App Tests","2026-10-04","passed","2026-10-04","","test_signup","",""
"","1861","비밀번호 재설정 후 로그인 확인","Web Tests","2026-10-04","passed","2026-10-04","","test_reset_pw","",""
"","16528","[모바일] 회원가입 실패: 비밀번호 숫자만 입력 시 에러 메시지 노출 확인","iOS App Tests","2026-10-04","passed","2026-10-04","","test_signup","",""
"","16510","[모바일] 회원가입 실패: 이름에 숫자 포함 시 에러 메시지 노출 확인","iOS App Tests","2026-10-04","passed","2026-10-04","","test_signup","",""
"","1142","본인 작성 댓글 내용 수정 및 반영 확인","Web Tests","2026-10-04","passed","2026-10-04","","test_comment","",""
"","4959","[모바일] 존재하지 않는 키워드 검색 시 안내 문구 확인","iOS App Tests","2026-10-04","passed","2026-10-04","","test_search","",""
"","156","비밀번호 영문만 입력 시 에러 메시지 노출 확인","Web Tests","2026-10-04","passed","2026-10-04","","test_signup","",""
"","5953","[모바일] 회원가입 실패: 전체 입력 필드 미입력 시 에러 메시지 노출 확인","Android App Tests","2026-10-04","passed","2026-10-04","","test_signup","",""
"","9060","[모바일] 미등록 계정 정보로 로그인 시도시 에러 메시지 노출 확인","Android App Tests","2026-10-04","passed","2026-10-04","","test_login","",""
"","1303","본인 작성 글 삭제 완료 및 목록 미노출 확인","Web Tests","2026-10-04","passed","2026-10-04","","test_post","",""
"","12254","[모바일] 회원가입 실패: 이메일 미입력 시 에러 메시지 노출 확인","Android App Tests","2026-10-04","passed","2026-10-04","","test_signup","",""
"","3202","[모바일] 타인 작성 글 수정/삭제 메뉴 미노출 확인","iOS App Tests","2026-10-04","passed","2026-10-04","","test_post","",""
"","353","유효한 정보로 가입 성공 및 화면 이동 확인","Web Tests","2026-10-04","passed","2026-10-04","","test_signup","",""
"","12588","[모바일] 회원가입 정상 처리 확인","Android App Tests","2026-10-04","passed","2026-10-04","","test_signup","",""
"","15175","[모바일] 회원가입 실패: 아이디 미입력 시 에러 메시지 노출 확인","iOS App Tests","2026-10-04","passed","2026-10-04","","test_signup","",""
"","4727","[모바일] 타인 작성 글 수정/삭제 메뉴 미노출 확인","Android App Tests","2026-10-04","passed","2026-10-04","","test_post","",""
"","3054","타인 글 - 타인 댓글 [수정] 버튼 미노출 확인","Web Tests","2026-10-04","passed","2026-10-04","","test_comment","",""
"","130","비밀번호 숫자만 입력 시 에러 메시지 노출 확인","Web Tests","2026-10-04","passed","2026-10-04","","test_signup","",""
"","12491","[모바일] 회원가입 실패: 비밀번호 확인 필드 미입력 시 에러 메시지 노출 확인","Android App Tests","2026-10-04","passed","2026-10-04","","test_signup","",""
"","13138","[모바일] 회원가입 실패: 아이디 10자 초과 입력 시 에러 메시지 노출 확인","Android App Tests","2026-10-04","passed","2026-10-04","","test_signup","",""
"","1286","[모바일] 비밀번호 재설정 탭 전환 확인","iOS App Tests","2026-10-04","passed","2026-10-04","","test_find_account","",""
"","13705","[모바일] 회원가입 실패: 이메일 도메인 미포함 형식 입력 시 에러 메시지 노출 확인","Android App Tests","2026-10-04","passed","2026-10-04","","test_signup","",""
"","11297","[모바일] 회원가입 실패: 아이디 미입력 시 에러 메시지 노출 확인","Android App Tests","2026-10-04","passed","2026-10-04","","test_signup","",""
"","131","이메일 @ 미포함 형식 입력 시 에러 메시지 노출 확인","Web Tests","2026-10-04","passed","2026-10-04","","test_signup","",""
"","4402","[모바일] 새 게시글 작성 및 목록 노출 확인","iOS App Tests","2026-10-04","passed","2026-10-04","","test_post","",""
"","874","목록 하단 페이징(다음 페이지) 클릭 시 정상 전환 확인","Web Tests","2026-10-04","passed","2026-10-04","","test_post","",""
"","6604","[모바일] 아이디 미입력 시 에러 메시지 노출 확인","Android App Tests","2026-10-04","passed","2026-10-04","","test_login","",""
"","12179","[모바일] 회원가입 실패: 이름 미입력 시 에러 메시지 노출 확인","Android App Tests","2026-10-04","passed","2026-10-04","","test_signup","",""
"","15416","[모바일] 회원가입 실패: 이메일 미입력 시 에러 메시지 노출 확인","iOS App Tests","2026-10-04","passed","2026-10-04","","test_signup","",""
"","13650","[모바일] 회원가입 실패: 이름에 숫자 포함 시 에러 메시지 노출 확인","Android App Tests","2026-10-04","passed","2026-10-04","","test_signup","",""
"","572","이메일만 입력하고 이름 미입력 시 실패 확인","Web Tests","2026-10-04","passed","2026-10-04","","test_find_id","",""
"","12735","[모바일] 회원가입 실패: 비밀번호와 비밀번호 확인 불일치 시 에러 메시지 노출 확인","Android App Tests","2026-10-04","passed","2026-10-04","","test_signup","",""
"","32412","[모바일] 타인 작성 댓글 수정/삭제 메뉴 미노출 확인","Android App Tests","2026-10-04","passed","2026-10-04","","test_comment","",""
"","1998","[모바일] 아이디 미입력 시 에러 메시지 노출 확인","iOS App Tests","2026-10-04","passed","2026-10-04","","test_login","",""
"","609","전체 항목 미입력 시 실패 확인","Web Tests","2026-10-04","passed","2026-10-04","","test_find_pw","",""
"","40039","[모바일] 비밀번호 재설정 성공 확인","iOS App Tests","2026-10-04","passed","2026-10-04","","test_find_account","",""
"","12345","[모바일] 본인 작성 글 삭제 확인","Android App Tests","2026-10-04","passed","2026-10-04","","test_post","",""
"","8462","[모바일] 댓글 삭제 확인","Android App Tests","2026-10-04","passed","2026-10-04","","test_comment","",""
"","573","이메일 미입력 시 실패 확인","Web Tests","2026-10-04","passed","2026-10-04","","test_find_pw","",""
"","1932","본인 작성 댓글 삭제 및 목록 제거 확인","Web Tests","2026-10-04","passed","2026-10-04","","test_comment","",""
"","4862","[모바일] 게시글 상세 진입 및 댓글 달기","iOS App Tests","2026-10-04","passed","2026-10-04","","test_post","",""
"","3426","[모바일] 잘못된 비밀번호 입력 시 에러 메시지 노출 확인","iOS App Tests","2026-10-04","passed","2026-10-04","","test_login","",""
"","585","가입된 이름에 불일치 이메일 입력 시 실패 확인","Web Tests","2026-10-04","passed","2026-10-04","","test_find_id","",""
"","887","로그아웃 시 메인 화면 노출 및 확인","Web Tests","2026-10-04","passed","2026-10-04","","test_login","",""
"","963","결과 페이지 [확인] 버튼 클릭 시 메인 이동 확인","Web Tests","2026-10-04","passed","2026-10-04","","test_find_id","",""
"","580","이름만 입력하고 이메일 미입력 시 실패 확인","Web Tests","2026-10-04","passed","2026-10-04","","test_find_id","",""
"","562","등록된 아이디에 불일치 이메일 입력 시 실패 확인","Web Tests","2026-10-04","passed","2026-10-04","","test_find_pw","",""
"","1002","일치 정보 입력 시 아이디 찾기 성공 및 노출 확인","Web Tests","2026-10-04","passed","2026-10-04","","test_find_id","",""
"","534","이름 미입력 시 실패 확인","Web Tests","2026-10-04","passed","2026-10-04","","test_find_pw","",""
"","947","비밀번호 찾기 텍스트 링크 확인","Web Tests","2026-10-04","passed","2026-10-04","","test_find_id","",""
"","129","이름 10자 초과 입력 시 에러 메시지 노출 확인","Web Tests","2026-10-04","passed","2026-10-04","","test_signup","",""
"","3456","[모바일] 올바른 정보로 아이디 찾기 성공 확인","iOS App Tests","2026-10-04","passed","2026-10-04","","test_find_account","",""
"","16248","[모바일] 회원가입 실패: 비밀번호 8자 미만 입력 시 에러 메시지 노출 확인","iOS App Tests","2026-10-04","passed","2026-10-04","","test_signup","",""
"","13626","[모바일] 회원가입 실패: 비밀번호 8자 미만 입력 시 에러 메시지 노출 확인","Android App Tests","2026-10-04","passed","2026-10-04","","test_signup","",""
"","3294","[모바일] 미등록 계정 정보로 로그인 시도시 에러 메시지 노출 확인","iOS App Tests","2026-10-04","passed","2026-10-04","","test_login","",""
"","785","잘못된 비밀번호 입력 시 에러 메시지 노출 확인","Web Tests","2026-10-04","passed","2026-10-04","","test_login","",""
"","125","비밀번호 8자 미만 입력 시 에러 메시지 노출 확인","Web Tests","2026-10-04","passed","2026-10-04","","test_signup","",""
"","130","비밀번호와 비밀번호 확인 불일치 시 에러 메시지 노출 확인","Web Tests","2026-10-04","passed","2026-10-04","","test_signup","",""
"","128","전체 입력 필드 미입력 시 에러 메시지 노출 확인","Web Tests","2026-10-04","passed","2026-10-04","","test_signup","",""
"","914","일치 정보 입력 시 비밀번호 재설정 화면 노출 확인","Web Tests","2026-10-04","passed","2026-10-04","","test_find_pw","",""
"","5810","[모바일] 새 게시글 작성 및 목록 노출 확인","Android App Tests","2026-10-04","passed","2026-10-04","","test_post","",""
"","16404","[모바일] 회원가입 실패: 비밀번호 영문만 입력 시 에러 메시지 노출 확인","iOS App Tests","2026-10-04","passed","2026-10-04","","test_signup","",""
"","1296","[모바일] 아이디 찾기 빈 필드 노출 확인","iOS App Tests","2026-10-04","passed","2026-10-04","","test_find_account","",""
"","128","비밀번호 미입력 시 에러 메시지 노출 확인","Web Tests","2026-10-04","passed","2026-10-04","","test_signup","",""
"","16731","[모바일] 회원가입 실패: 비밀번호 16자 초과 입력 시 에러 메시지 노출 확인","iOS App Tests","2026-10-04","passed","2026-10-04","","test_signup","",""
"","967","게시글 키워드로 검색 시 검색 결과 노출 확인","Web Tests","2026-10-04","passed","2026-10-04","","test_post","",""
"","561","미등록 사용자 정보 입력 시 실패 메시지 확인","Web Tests","2026-10-04","passed","2026-10-04","","test_find_id","",""
"","148","비밀번호 16자 초과 입력 시 에러 메시지 노출 확인","Web Tests","2026-10-04","passed","2026-10-04","","test_signup","",""
"","10567","[모바일] 로그아웃 시 메인 화면(로그인 화면) 노출 확인","Android App Tests","2026-10-04","passed","2026-10-04","","test_login","",""
"","536","비밀번호 재설정 페이지 UI 확인","Web Tests","2026-10-04","passed","2026-10-04","","test_reset_pw","",""
"
    모바일 전용 로그인 성공 테스트
    - mobile_driver 픽스처는 tests/mobile/conftest.py 에서 로드됨 (웹 브라우저와 격리)
    ","9140","[모바일] 올바른 계정으로 로그인 성공 확인","Android App Tests","2026-10-04","passed","2026-10-04","","test_login","",""
"","520","비밀번호 찾기 페이지 UI 확인","Web Tests","2026-10-04","passed","2026-10-04","","test_find_pw","",""
"","3290","타인 글 - 내 댓글 [수정] 가능 확인","Web Tests","2026-10-04","passed","2026-10-04","","test_comment","",""
"","11914","[모바일] 본인 작성 글 삭제 확인","iOS App Tests","2026-10-04","passed","2026-10-04","","test_post","",""
"","1044","존재하지 않는 키워드 검색 시 안내 문구 확인","Web Tests","2026-10-04","passed","2026-10-04","","test_post","",""
"","11636","[모바일] 게시글 키워드로 검색 시 검색 결과 노출 확인","Android App Tests","2026-10-04","passed","2026-10-04","","test_search","",""
"","10266","[모바일] 댓글 내용 수정 확인","iOS App Tests","2026-10-04","passed","2026-10-04","","test_comment","",""
"","11728","[모바일] 회원가입 실패: 비밀번호 미입력 시 에러 메시지 노출 확인","Android App Tests","2026-10-04","passed","2026-10-04","","test_signup","",""
"","33785","[모바일] 비밀번호 재설정 성공 확인","Android App Tests","2026-10-04","passed","2026-10-04","","test_find_account","",""
"","965","비밀번호 불일치 시 에러 메시지 노출 확인","Web Tests","2026-10-04","passed","2026-10-04","","test_reset_pw","",""
"","516","[모바일] 빈 필드 제출 시 에러 메시지 확인","iOS App Tests","2026-10-04","passed","2026-10-04","","test_login","",""
"","12738","[모바일] 회원가입 실패: 이름 10자 초과 입력 시 에러 메시지 노출 확인","Android App Tests","2026-10-04","passed","2026-10-04","","test_signup","",""
"","16268","[모바일] 회원가입 실패: 이름 10자 초과 입력 시 에러 메시지 노출 확인","iOS App Tests","2026-10-04","passed","2026-10-04","","test_signup","",""
"","1857","[모바일] 비밀번호 미입력 시 에러 메시지 노출 확인","iOS App Tests","2026-10-04","passed","2026-10-04","","test_login","",""
"","3806","타인 글 - 내 댓글 [삭제] 가능 확인","Web Tests","2026-10-04","passed","2026-10-04","","test_comment","",""
"","6588","[모바일] 비밀번호 미입력 시 에러 메시지 노출 확인","Android App Tests","2026-10-04","passed","2026-10-04","","test_login","",""
"","3031","타인 글 - 타인 댓글 [삭제] 버튼 미노출 확인","Web Tests","2026-10-04","passed","2026-10-04","","test_comment","",""
"","133","이름에 숫자 포함 시 에러 메시지 노출 확인","Web Tests","2026-10-04","passed","2026-10-04","","test_signup","",""
"","5053","[모바일] 게시글 키워드로 검색 시 검색 결과 노출 확인","iOS App Tests","2026-10-04","passed","2026-10-04","","test_search","",""
"","604","비밀번호 미입력 시 에러 메시지 노출 확인","Web Tests","2026-10-04","passed","2026-10-04","","test_login","",""
"","131","이메일 미입력 시 에러 메시지 노출 확인","Web Tests","2026-10-04","passed","2026-10-04","","test_signup","",""
"","130","중복된 아이디로 가입 시도시 에러 메시지 노출 확인","Web Tests","2026-10-04","passed","2026-10-04","","test_signup","",""
"","3088","내 글 - 타인 댓글 [삭제] 버튼 미노출 확인","Web Tests","2026-10-04","passed","2026-10-04","","test_comment","",""
"","8610","[모바일] 잘못된 비밀번호 입력 시 에러 메시지 노출 확인","Android App Tests","2026-10-04","passed","2026-10-04","","test_login","",""
"","635","아이디 미입력 시 실패 확인","Web Tests","2026-10-04","passed","2026-10-04","","test_find_pw","",""
"","3643","[모바일] 로그아웃 시 메인 화면(로그인 화면) 노출 확인","iOS App Tests","2026-10-04","passed","2026-10-04","","test_login","",""
"","3032","내 글 - 타인 댓글 [수정] 버튼 미노출 확인","Web Tests","2026-10-04","passed","2026-10-04","","test_comment","",""
"
    모바일 전용 로그인 성공 테스트
    - mobile_driver 픽스처는 tests/mobile/conftest.py 에서 로드됨 (웹 브라우저와 격리)
    ","3473","[모바일] 올바른 계정으로 로그인 성공 확인","iOS App Tests","2026-10-04","passed","2026-10-04","","test_login","",""
"","773","아이디 미입력 시 에러 메시지 노출 확인","Web Tests","2026-10-04","passed","2026-10-04","","test_login","",""
"","16591","[모바일] 회원가입 실패: 비밀번호와 비밀번호 확인 불일치 시 에러 메시지 노출 확인","iOS App Tests","2026-10-04","passed","2026-10-04","","test_signup","",""
"","15477","[모바일] 회원가입 실패: 비밀번호 확인 필드 미입력 시 에러 메시지 노출 확인","iOS App Tests","2026-10-04","passed","2026-10-04","","test_signup","",""
"","17836","[모바일] 타인 작성 댓글 수정/삭제 메뉴 미노출 확인","iOS App Tests","2026-10-04","passed","2026-10-04","","test_comment","",""
"","12634","[모바일] 회원가입 실패: 비밀번호 16자 초과 입력 시 에러 메시지 노출 확인","Android App Tests","2026-10-04","passed","2026-10-04","","test_signup","",""
"","514","아이디 찾기 페이지 UI 확인","Web Tests","2026-10-04","passed","2026-10-04","","test_find_id","",""
"","632","회원가입 이동 링크 확인","Web Tests","2026-10-04","passed","2026-10-04","","test_login","",""
"","3558","[모바일] 빈 필드 제출 시 에러 메시지 확인","Android App Tests","2026-10-04","passed","2026-10-04","","test_login","",""
"","13085","[모바일] 회원가입 실패: 비밀번호 숫자만 입력 시 에러 메시지 노출 확인","Android App Tests","2026-10-04","passed","2026-10-04","","test_signup","",""
"","1150","상세 페이지에서 댓글 작성 시 노출 확인","Web Tests","2026-10-04","passed","2026-10-04","","test_comment","",""
"","583","비밀번호 찾기 페이지에서 회원가입 이동 링크 확인","Web Tests","2026-10-04","passed","2026-10-04","","test_find_pw","",""
"","558","아이디 및 비밀번호 미입력 시 에러 메시지 노출 확인","Web Tests","2026-10-04","passed","2026-10-04","","test_login","",""
"","11131","[모바일] 존재하지 않는 키워드 검색 시 안내 문구 확인","Android App Tests","2026-10-04","passed","2026-10-04","","test_search","",""
"","4978","[모바일] 비밀번호 재설정 탭 전환 확인","Android App Tests","2026-10-04","passed","2026-10-04","","test_find_account","",""
"","16047","[모바일] 회원가입 정상 처리 확인","iOS App Tests","2026-10-04","passed","2026-10-04","","test_signup","",""
